C:\Users\micha\Desktop\John Bryce\Projects\Vacations-Project\server\routes\vacations.js,,Vacations were fetched
C:\Users\micha\Desktop\John Bryce\Projects\Vacations-Project\server\routes\vacations.js,,Vacations were fetched
C:\Users\micha\Desktop\John Bryce\Projects\Vacations-Project\server\routes\vacations.js,,Vacations were fetched
C:\Users\micha\Desktop\John Bryce\Projects\Vacations-Project\server\routes\vacations.js,,Vacations were fetched
vacations.js,,Vacations were fetched
vacations.js,,Vacations were fetched
vacations.js,,Vacations were fetched
vacations.js,,Vacations were fetched
vacations.js,,Vacations were fetched
vacations.js,,Vacations were fetched
vacations.js,,Vacations were fetched
vacations.js,getAllVacations,Vacations were fetched
vacations.js,getAllVacations,Vacations were fetched
vacations.js,getAllVacations,Vacations were fetched
2023-02-06 17:50:21|vacations.js|getAllVacations|Vacations were fetched
